;accountId;id;name;profileIconId;revisionDate;summonerLevel
0;212403759;19440391;WP LynX;3354;1529127680000;126
0;211917676;18280187;rkid;1509;1528964110000;67
0;212836661;20640125;choramaisae;7;1529089808000;67
0;822647;871762;Café Pretinho;3459;1529149899000;115
0;212682321;19936193;PNG Jovigod;3151;1529148756000;71
0;201295570;3254291;RedBert;3466;1529004021000;73
0;818084;840819;Vipeeer;3521;1529092387000;96
0;368451;403551;SkB;1670;1529107514000;110
0;429658;524758;arrogant warrior;19;1529101469000;107
0;211917745;18290186;Nigrum Pantherae;3224;1529095296000;53
0;217354810;29233192;Miss Luxury;1428;1529150551000;203
0;200030555;1833896;CNB Hy0g4;1641;1528976884000;130
0;533991;517654;Ataides;3377;1528976865000;94
0;412686;477786;lie blanc182;536;1529075363000;64
0;547239;602339;SKG Vasto;938;1529146655000;150
0;385545;440645;Ksiv;908;1529143608000;73
0;1182093;1357193;Peccato;3186;1529107064000;69
0;203039066;4967463;May 17th;984;1529107073000;99
0;898558;993658;trash top;3163;1529075252000;88
0;214766880;24810137;Krastymel;1458;1529113743000;60
0;202498051;4451476;doravante;1629;1529100777000;92
0;355393;500182;CNB Robo1;506;1529092888000;87
0;1951964819655392;33990125;l can be better;28;1529107802000;43
0;219595408;31400150;Pokas ideías ;3230;1529095997000;52
0;213237822;21642856;Bhz;3270;1529088878000;167
0;219532376;31380133;51654684;2;1529085443000;51
0;211510472;17663661;AKMU;978;1529109154000;69
0;1041179;1162683;Nestorzinho;3496;1529097354000;59
0;374974;410074;Dov3;1232;1528961598000;72
0;209760512;14494449;evr0t;3368;1529059368000;100
0;206301234;10152531;Yakushí;1590;1529147765000;166
0;1739348;1798029;Sephis1;855;1529045734000;59
0;483952;424963;Namezero;685;1529102789000;100
0;216132398;27800149;Glaucia;3230;1528921212000;93
0;400730;455830;danz0r;3493;1529136956000;91
0;912511;974599;Aslan1;1167;1529094056000;136
0;547045;602145;time for dinner;1385;1528980310000;90
0;204066490;6632369;RED Perz;785;1529150696000;115
0;212044890;18780139;LukasNegro;851;1529137648000;72
0;217151722;29120132;RSL TutsTutsz;930;1529144266000;152
0;1951964830239520;34010125;Juan JayJ lol ;4;1529081961000;38
0;444700;539800;Teusla;937;1529062420000;138
0;215670867;26810871;C9Sneakyfanboy;3196;1528717789000;58
0;410809;475909;ICH Pizzaiolo;504;1529006940000;102
0;203363796;5562087;Brucer;906;1529087617000;75
0;200835817;2615838;Howper1;775;1529145516000;66
0;212554266;19832324;RonRom;3376;1528879446000;65
0;213299448;21852695;Satan himself;27;1528988332000;85
0;214767232;24820140;yougotmenervous;1439;1528903761000;91
0;216132610;27820136;boosted adc;1509;1529139500000;78
0;200797313;2631152;vai freire;591;1529102023000;104
0;218596309;30644278;Mát;20;1529125523000;73
0;202114820;4006761;Wenzinger;3165;1529112397000;128
0;212377259;19340127;haters;1618;1529141494000;52
0;201126789;2990701;The Cheater;3465;1529085443000;91
0;212748190;20252931;BAAAAAAAAAAANKAI;1589;1529139500000;97
0;444150;539250;HKS Caos;1297;1529100101000;108
0;212941410;20860130;Little Rookie1;1120;1529092888000;89
0;216998513;28883895;Hydrogen;10;1528568285000;51
0;211918002;18270216;toguers;3186;1529145637000;83
0;220662696;32530127;imiK;3511;1529140460000;70
0;1390789;1475753;buceIinho;783;1529038789000;107
0;440988;536088;Amazing Zuao;558;1529049891000;102
0;214967706;25010156;Homeless adc;3495;1529091339000;54
0;789733;808975;Vahvel;3156;1528979101000;62
0;1951964803074784;34000124;3242363;25;1529091339000;41
0;200897956;2833743;AvaIanche;502;1529095401000;116
0;214767150;24810143;little gold;1635;1529066389000;71
0;200954215;2850703;Yan;582;1529117116000;74
0;1440761;27740439;RDP Kadaki;3182;1529137004000;93
0;205533002;9480188;Minerva ;3150;1529147381000;93
0;202648015;4602614;Eu sou o Jojo;3244;1528870349000;83
0;215925483;27402791;miIiodas;3368;1528887315000;64
0;200472885;2472380;Kaze Ronin;1108;1529090607000;110
0;899210;994310;Hora de worka;578;1529150696000;99
0;205321110;9180143;PETALO PETALO ;1301;1529005595000;57
0;200021896;1872796;Revalí;1455;1529148756000;97
0;1632616;1706396;Aran;3176;1529054098000;88
0;216024273;27512709;Yan Franco;3231;1529115202000;78
0;211986472;18770125;CNBrunch;1439;1528917848000;52
0;405253;470353;Mandioquinhaa;3379;1529109752000;65
0;211082100;16975364;live my life;1469;1529110606000;190
0;211601125;18090142;warangelusadpls;7;1529134620000;74
0;214392592;23792946;Just Lose;3150;1529095596000;79
0;204064307;6572250;Dekisokonai LLKO;715;1529016239000;65
0;201083436;2984886;Rhaegalarys;3175;1529105071000;153
0;201443088;3345070;Xeroque Rolmes;18;1529088143000;84
0;214414977;23844107;Kur0;1160;1528724976000;93
0;427909;523009;Vida Avançada;682;1529148756000;58
0;201880841;3766192;DANIEL FURLAN;554;1529111476000;127
0;219532432;31390126;ERASAO EMBRAZADO;11;1529138630000;64
0;204087184;6673314;esA;746;1529089553000;86
0;200986299;2854374;Trovaozin;3225;1529111476000;103
0;211751464;18166519;z4y;3509;1529074576000;118
0;204139663;6510165;beyond the stars;3495;1529094632000;124
0;200768908;2596351;God Needles;3465;1529012723000;112
0;428764;523864;divinity ayel;3493;1528964223000;78
0;370132;405232;filthy but frank;1596;1529080879000;128
0;217573847;29380511;Chachki1;1386;1529085713000;71
0;202270219;4211935;Lunefe;3182;1529130222000;92
0;1202510;1284062;Picknn;709;1529149226000;106
0;395253;450353;Mr Glass;3376;1528818592000;120
0;212982310;21190134;CHICÃO LINGUIÇA;3496;1529093251000;85
0;407353;472453;bydekixd;1325;1529132628000;86
0;1614977;1724409;YGOR FREITAS;3336;1529097965000;99
0;212732560;20252143;SUB MEC;3368;1528238541000;67
0;202143027;4009334;stephen ameII;3510;1529146521000;146
0;214759547;24781944;PJ THE ANIMAL;21;1528962641000;83
0;411890;476990;TSW Drop;588;1529148205000;117
0;555535;610635;Days4fun;1114;1529079955000;89
0;211934517;18280212;korean d2;3233;1529008266000;68
0;203298093;5248317;Taara;606;1529006440000;72
0;219532274;31400130;YoYo JoJo;3478;1529052699000;70
0;1591565;1721150;goku chan;1114;1529092110000;92
0;216213491;27820158;Suanybb;11;1529142664000;67
0;219532373;31410132;Jojovirone;3366;1529003322000;68
0;421982;487082;FLA brTT      11;28;1529046789000;87
0;210473289;16050132;nem vou tentar;20;1529005595000;82
0;421730;486830;takeshi;580;1528800012000;55
0;209778448;14850127;Buggáx;606;1529087111000;53
0;203600843;5663560;XerembaMole;22;1529059368000;53
0;201301210;3222212;Raven1;3508;1529110077000;150
0;201621393;3546357;Barry de Barry;3160;1529012992000;108
0;445242;540342;RED Guigo;593;1529085957000;113
0;212941216;20860131;Warangelus;23;1528989969000;82
0;575783;437956;Copernic1;1456;1529138539000;120
0;216036030;27620140;KID GOTEN;3367;1529071748000;70
0;427457;522557;tinowns;593;1528797398000;54
0;201300230;3255468;Kappareca;620;1528923987000;107
0;211986890;18780124;ta frio demais;28;1528731912000;48
0;425705;520805;RED Cabu;3157;1529098382000;96
0;200306423;2244534;kksh;3378;1528736827000;131
0;391573;446673;Ninj sad;3379;1529007676000;113
0;438397;533497;Pinguin Cotoco;3231;1529102781000;80
0;1631508;1726011;TusiN;3378;1528953944000;95
0;206309248;10212285;Martiins;3520;1528864915000;86
0;211619539;18180625;Lúcyfer;3148;1529021607000;132
0;203886323;6230125;Kales Myth;3495;1529092853000;99
0;211178364;17074696;KT Mandiocaa;3152;1529021607000;81
0;455061;550161;Stealzin;3494;1528981198000;102
0;1495032;1660132;REAL FAKE DOORS;539;1529077595000;73
0;366932;402032;Grevthar;1228;1529005916000;101
0;434195;529295;burn to emerge;552;1528989814000;73
0;218440163;30610309;gebradetransgay;1453;1529106220000;118
0;1046119;1141219;Prblank;1641;1528828653000;90
0;214767715;24810150;GENESIS SHINI;3478;1528991504000;48
0;201433786;3297574;UNREFORMED BTW;539;1529093452000;85
0;205533189;9540245;tinowns2;693;1529137968000;70
0;219397058;31094545;Sky s2 BR;7;1529092812000;69
0;200454368;2360158;LUIS CARVALHO;3029;1528828333000;48
0;200965145;2891839;Destinyyy;3231;1529128100000;63
0;1194077;1304498;4LaN;761;1529066688000;54
0;514216;589316;Babidii;3496;1529092110000;97
0;365312;400412;exceed apogee;3020;1528707380000;47
0;411060;476160;high noon;3495;1528906299000;87
0;200197997;2003578;Clovinho;939;1529064646000;119
0;1325783;1520227;Akrinuss Bot;3205;1529092067000;76
0;211080853;16985434;luíspedrod;3227;1529146614000;127
0;438605;533705;Arthur Lanches;3376;1529149753000;134
0;202262947;4191339;JJOOSUNG;7;1529149225000;85
0;412874;477974;Zaphkíel;977;1529146655000;129
0;214407484;23793754;AAAAAAAAAZZZZZZ;3008;1529095179000;68
0;215323957;25900130;guymkryukiul;7;1529149899000;70
0;1951964840421888;34000126;stranger like me;1297;1529109154000;40
0;435636;530736;Sarkis;3160;1529098382000;78
0;219015987;30992817;PRG lima;3460;1529008288000;113
0;202140264;3978933;BF781;7;1529148756000;75
0;210735633;16385949;HAND OF N0XUS;3368;1529134620000;110
0;509608;584708;Little Wos;3385;1529094843000;96
0;457633;552733;ill be better;907;1529100800000;81
0;475122;512750;whatiswrong;3262;1529079955000;132
0;211917499;18290189;IlIlIlIIllIlIllI;2087;1529149899000;46
0;1543614;1608051;FIORA MECHANICS;553;1528993674000;66
0;213456104;22055132;Olkaida;3508;1529124778000;144
0;216338496;27980135;Sílent Player;2077;1529095296000;103
0;402797;457897;DJ LuzAzul;578;1529134275000;46
0;348747;501031;ERVA TERERÉ;11;1529149225000;59
0;212982070;21210129;parsa da lisa;1439;1528361227000;63
0;219532365;31410126;YoYo Lynkez;3458;1528982874000;97
0;202656733;4583588;Unreality;3354;1529146521000;91
0;204631088;7591541;vaza daki mano;3215;1529149226000;113
0;855342;852464;dyNquedo NGDP;984;1529127680000;75
0;213385908;22001193;Mewkyo;3242;1528979101000;95
0;493995;569095;Just Dont Cry;3521;1529107322000;80
0;895488;990588;FNC Pickkles;922;1529078298000;71
0;435744;530844;Sneez1;4;1529135339000;75
0;212648972;20014792;NOTEJURISPERITUS;2091;1529089192000;91
0;425277;520377;envy 30;1437;1528994817000;85
0;201930436;3862389;SynSatioN;1626;1529094098000;90
0;1655762;1760285;Wartin;683;1529085007000;120
0;205694855;9660188;greek yogurt;3175;1528824616000;60
0;201197224;3057217;Atrasia;3159;1529091339000;106
0;201110826;2968269;Stepz;3496;1529089067000;121
0;202579568;4499324;Nyu;3152;1529121665000;106
